USE ventas_db;

INSERT IGNORE INTO cliente (id_cliente, nombre, direccion, telefono, email) VALUES
(1, 'Carlos Ramírez', 'Calle 45 #12-34', '3001234567', 'carlos.ramirez@gmail.com'),
(2, 'Luisa Fernández', 'Carrera 7 #89-10', '3012345678', 'luisa.fernandez@yahoo.com'),
(3, 'Javier Martínez', 'Avenida 68 #45-21', '3023456789', 'javier.martinez@hotmail.com'),
(4, 'Marcela Gómez', 'Diagonal 23 #56-78', '3034567890', 'marcela.gomez@outlook.com'),
(5, 'Andrés Torres', 'Transversal 17 #65-43', '3045678901', 'andres.torres@gmail.com'),
(6, 'Natalia Ríos', 'Calle 100 #20-30', '3056789012', 'natalia.rios@yahoo.com'),
(7, 'Daniela Ruiz', 'Carrera 15 #80-50', '3067890123', 'daniela.ruiz@hotmail.com'),
(8, 'Pedro Sánchez', 'Calle 26 #13-55', '3078901234', 'pedro.sanchez@outlook.com'),
(9, 'Tatiana León', 'Carrera 30 #40-60', '3089012345', 'tatiana.leon@gmail.com'),
(10, 'Juan Castro', 'Calle 72 #9-91', '3090123456', 'juan.castro@yahoo.com'),
(11, 'Laura Nieto', 'Avenida Boyacá #70-25', '3101234567', 'laura.nieto@gmail.com'),
(12, 'Esteban Vega', 'Carrera 50 #24-75', '3112345678', 'esteban.vega@hotmail.com'),
(13, 'Mónica Duarte', 'Calle 80 #16-10', '3123456789', 'monica.duarte@yahoo.com'),
(14, 'Felipe Morales', 'Carrera 13 #45-67', '3134567890', 'felipe.morales@outlook.com'),
(15, 'Angie Herrera', 'Calle 63 #21-40', '3145678901', 'angie.herrera@gmail.com'),
(16, 'Camilo Peña', 'Avenida Américas #30-90', '3156789012', 'camilo.pena@gmail.com'),
(17, 'Sara Méndez', 'Carrera 20 #50-30', '3167890123', 'sara.mendez@yahoo.com'),
(18, 'Manuel García', 'Calle 13 #5-20', '3178901234', 'manuel.garcia@hotmail.com'),
(19, 'Valentina Cárdenas', 'Carrera 9 #70-12', '3189012345', 'valentina.cardenas@outlook.com'),
(20, 'Sebastián López', 'Calle 90 #15-35', '3190123456', 'sebastian.lopez@gmail.com');


INSERT IGNORE INTO vendedor (id_vendedor, usuario_nombre, usuario_contra, reference_vend, nombre, direccion, telefono, email) VALUES
(1, 'usuario_vend1', 'pass123', 'REF001', 'Carlos Ruiz', 'Calle 10 #12-34', '3100000001', 'carlos.ruiz@example.com'),
(2, 'usuario_vend2', 'pass456', 'REF002', 'María Torres', 'Carrera 7 #45-67', '3100000002', 'maria.torres@example.com'),
(3, 'usuario_vend3', 'pass789', 'REF003', 'Luis Gómez', 'Avenida 30 #15-50', '3100000003', 'luis.gomez@example.com'),
(4, 'usuario_vend4', 'pass321', 'REF004', 'Andrea Díaz', 'Diagonal 45 #20-10', '3100000004', 'andrea.diaz@example.com'),
(5, 'usuario_vend5', 'pass654', 'REF005', 'Pedro Morales', 'Transversal 8 #25-60', '3100000005', 'pedro.morales@example.com'),
(6, 'usuario_vend6', 'pass987', 'REF006', 'Lucía Herrera', 'Calle 100 #12-90', '3100000006', 'lucia.herrera@example.com'),
(7, 'usuario_vend7', 'pass147', 'REF007', 'Julián Castro', 'Carrera 40 #11-15', '3100000007', 'julian.castro@example.com'),
(8, 'usuario_vend8', 'pass258', 'REF008', 'Camila Vargas', 'Calle 20 #22-30', '3100000008', 'camila.vargas@example.com'),
(9, 'usuario_vend9', 'pass369', 'REF009', 'Santiago Ríos', 'Carrera 80 #10-10', '3100000009', 'santiago.rios@example.com'),
(10, 'usuario_vend10', 'pass000', 'REF010', 'Laura Castaño', 'Calle 5 #18-50', '3100000010', 'laura.castano@example.com'),
(11, 'usuario_vend11', 'passabc', 'REF011', 'Jorge León', 'Avenida 9 #40-55', '3100000011', 'jorge.leon@example.com'),
(12, 'usuario_vend12', 'passdef', 'REF012', 'Diana Mejía', 'Carrera 50 #30-20', '3100000012', 'diana.mejia@example.com'),
(13, 'usuario_vend13', 'passghi', 'REF013', 'Felipe Salazar', 'Calle 15 #10-25', '3100000013', 'felipe.salazar@example.com'),
(14, 'usuario_vend14', 'passjkl', 'REF014', 'Valentina Osorio', 'Diagonal 70 #25-70', '3100000014', 'valentina.osorio@example.com'),
(15, 'usuario_vend15', 'passmno', 'REF015', 'Daniel Ramírez', 'Carrera 60 #22-80', '3100000015', 'daniel.ramirez@example.com'),
(16, 'usuario_vend16', 'passpqr', 'REF016', 'Tatiana López', 'Avenida 1 #1-10', '3100000016', 'tatiana.lopez@example.com'),
(17, 'usuario_vend17', 'passstu', 'REF017', 'Esteban Martínez', 'Calle 90 #15-45', '3100000017', 'esteban.martinez@example.com'),
(18, 'usuario_vend18', 'passvwx', 'REF018', 'Natalia Sánchez', 'Transversal 6 #8-20', '3100000018', 'natalia.sanchez@example.com'),
(19, 'usuario_vend19', 'passyz1', 'REF019', 'Óscar Torres', 'Carrera 100 #45-67', '3100000019', 'oscar.torres@example.com'),
(20, 'usuario_vend20', 'passz12', 'REF020', 'Paola Fernández', 'Calle 8 #6-30', '3100000020', 'paola.fernandez@example.com');



INSERT IGNORE INTO categoria (id_categoria, nombre, detalle, categoria_padre) VALUES
(1, 'Electrónica', 'Dispositivos y componentes electrónicos', NULL),
(2, 'Ropa', 'Vestimenta para hombres, mujeres y niños', NULL),
(3, 'Hogar', 'Artículos para el hogar y decoración', NULL),
(4, 'Tecnología', 'Equipos de computación y telecomunicaciones', 1),
(5, 'Celulares', 'Teléfonos móviles y accesorios', 1),
(6, 'Computadores', 'Portátiles, PCs y periféricos', 4),
(7, 'Televisores', 'TVs LED, OLED y Smart TV', 1),
(8, 'Hombres', 'Ropa y accesorios para hombres', 2),
(9, 'Mujeres', 'Ropa y accesorios para mujeres', 2),
(10, 'Niños', 'Ropa y juguetes para niños', 2),
(11, 'Cocina', 'Utensilios y electrodomésticos de cocina', 3),
(12, 'Sala', 'Muebles y decoración para salas', 3),
(13, 'Dormitorio', 'Camas, colchones y accesorios', 3),
(14, 'Gaming', 'Consolas, videojuegos y accesorios', 4),
(15, 'Audio', 'Parlantes, audífonos y sonido profesional', 1),
(16, 'Deportes', 'Equipamiento y ropa deportiva', NULL),
(17, 'Libros', 'Ficción, estudio, técnicos y más', NULL),
(18, 'Papelería', 'Útiles escolares y de oficina', 17),
(19, 'Mascotas', 'Productos para animales domésticos', NULL),
(20, 'Salud y Belleza', 'Cuidado personal y cosméticos', NULL);



INSERT IGNORE INTO producto (id_producto, nombre, codigo, detalle, numero_categoria) VALUES
(1, 'Laptop Lenovo IdeaPad', 'PROD001', 'Portátil de 15.6", Ryzen 5, 8GB RAM, SSD 512GB', 1),
(2, 'Mouse Logitech M170', 'PROD002', 'Mouse inalámbrico, ergonómico, 2.4GHz', 2),
(3, 'Teclado Mecánico Redragon', 'PROD003', 'Teclado retroiluminado con switches red', 2),
(4, 'Monitor Samsung 24"', 'PROD004', 'Monitor LED, resolución Full HD, HDMI', 3),
(5, 'Disco Duro Seagate 1TB', 'PROD005', 'Disco duro externo USB 3.0', 4),
(6, 'Memoria USB Kingston 64GB', 'PROD006', 'Memoria flash USB 3.1', 4),
(7, 'Impresora HP DeskJet 2330', 'PROD007', 'Multifuncional: impresión, escaneo, copia', 5),
(8, 'Router TP-Link Archer C6', 'PROD008', 'WiFi AC1200, 5GHz y 2.4GHz, 4 antenas', 6),
(9, 'Cámara Web Logitech C270', 'PROD009', 'HD 720p con micrófono incorporado', 3),
(10, 'Smartwatch Amazfit Bip U', 'PROD010', 'Monitor de actividad, resistencia al agua', 7),
(11, 'Altavoz Bluetooth JBL GO 3', 'PROD011', 'Compacto, resistente al agua, 5 horas', 8),
(12, 'Tablet Samsung Galaxy Tab A8', 'PROD012', 'Pantalla 10.5", 64GB, Android', 9),
(13, 'Proyector Epson PowerLite X49', 'PROD013', 'Resolución XGA, 3600 lúmenes', 10),
(14, 'Silla ergonómica de oficina', 'PROD014', 'Espaldar de malla, ajuste lumbar', 11),
(15, 'Auriculares Sony WH-CH520', 'PROD015', 'Bluetooth, hasta 50 horas de batería', 8),
(16, 'Base para portátil Cooler Master', 'PROD016', 'Con ventiladores y puertos USB', 1),
(17, 'Cable HDMI 2.0 3 metros', 'PROD017', 'Soporta 4K UHD, alta velocidad', 12),
(18, 'Cargador USB múltiple 5 puertos', 'PROD018', 'Carga rápida, protección contra sobrecarga', 6),
(19, 'Fuente de poder EVGA 500W', 'PROD019', 'Certificación 80+, silenciosa', 13),
(20, 'Estación de acoplamiento USB-C', 'PROD020', 'Expansión de puertos para portátiles', 6);


INSERT IGNORE INTO lote (idciclo, references_lote, fecha_fabricacion, fecha_vencimiento) VALUES
(1, 1001, '2023-01-01', '2024-01-01'),
(2, 1002, '2023-02-01', '2024-02-01'),
(3, 1003, '2023-03-01', '2024-03-01'),
(4, 1004, '2023-04-01', '2024-04-01'),
(5, 1005, '2023-05-01', '2024-05-01'),
(6, 1006, '2023-06-01', '2024-06-01'),
(7, 1007, '2023-07-01', '2024-07-01'),
(8, 1008, '2023-08-01', '2024-08-01'),
(9, 1009, '2023-09-01', '2024-09-01'),
(10, 1010, '2023-10-01', '2024-10-01'),
(11, 1011, '2023-11-01', '2024-11-01'),
(12, 1012, '2023-12-01', '2024-12-01'),
(13, 1013, '2024-01-01', '2025-01-01'),
(14, 1014, '2024-02-01', '2025-02-01'),
(15, 1015, '2024-03-01', '2025-03-01'),
(16, 1016, '2024-04-01', '2025-04-01'),
(17, 1017, '2024-05-01', '2025-05-01'),
(18, 1018, '2024-06-01', '2025-06-01'),
(19, 1019, '2024-07-01', '2025-07-01'),
(20, 1020, '2024-08-01', '2025-08-01');


INSERT IGNORE INTO producto_extra_info 
(id_producto_lote, precio, precio_promocional, comision_vendedor, iva, num_lote, num_producto) 
VALUES
(1, 25000.00, 23000.00, 3.50, 19.00, 1, 1),
(2, 18500.00, 17000.00, 2.75, 19.00, 2, 2),
(3, 30500.00, 28500.00, 4.10, 19.00, 3, 3),
(4, 47900.00, 45500.00, 5.25, 19.00, 4, 4),
(5, 51000.00, 48000.00, 6.00, 19.00, 5, 5),
(6, 60000.00, 57000.00, 6.25, 19.00, 6, 6),
(7, 15000.00, 13500.00, 2.10, 19.00, 7, 7),
(8, 21000.00, 19500.00, 3.25, 19.00, 8, 8),
(9, 80000.00, 75000.00, 7.90, 19.00, 9, 9),
(10, 32500.00, 31000.00, 4.00, 19.00, 10, 10),
(11, 56000.00, 51000.00, 6.50, 19.00, 11, 11),
(12, 37500.00, 35500.00, 5.25, 19.00, 12, 12),
(13, 42000.00, 39500.00, 4.75, 19.00, 13, 13),
(14, 29900.00, 28000.00, 3.90, 19.00, 14, 14),
(15, 78000.00, 74000.00, 7.25, 19.00, 15, 15),
(16, 66500.00, 63000.00, 5.80, 19.00, 16, 16),
(17, 54000.00, 49900.00, 6.10, 19.00, 17, 17),
(18, 89900.00, 85000.00, 7.95, 19.00, 18, 18),
(19, 102000.00, 98000.00, 8.25, 19.00, 19, 19),
(20, 47000.00, 45000.00, 5.50, 19.00, 20, 20);

INSERT IGNORE INTO factura (idfactura, fecha, id_cliente, id_vendedor) VALUES
(1, '2025-01-05', 1, 1),
(2, '2025-01-06', 2, 2),
(3, '2025-01-07', 3, 3),
(4, '2025-01-08', 4, 4),
(5, '2025-01-09', 5, 5),
(6, '2025-01-10', 6, 6),
(7, '2025-01-11', 7, 7),
(8, '2025-01-12', 8, 8),
(9, '2025-01-13', 9, 9),
(10, '2025-01-14', 10, 10),
(11, '2025-01-15', 11, 11),
(12, '2025-01-16', 12, 12),
(13, '2025-01-17', 13, 13),
(14, '2025-01-18', 14, 14),
(15, '2025-01-19', 15, 15),
(16, '2025-01-20', 16, 16),
(17, '2025-01-21', 17, 17),
(18, '2025-01-22', 18, 18),
(19, '2025-01-23', 19, 19),
(20, '2025-01-24', 20, 20);


INSERT IGNORE INTO detalle (id_detalle, cantidad, precio, num_producto_lote, idfactura) VALUES
(1, 2, 12000.00, 1, 1),
(2, 1, 8500.00, 2, 2),
(3, 5, 15000.00, 3, 3),
(4, 3, 6000.00, 4, 4),
(5, 2, 22000.00, 5, 5),
(6, 4, 17500.00, 6, 6),
(7, 1, 9900.00, 7, 7),
(8, 2, 13000.00, 8, 8),
(9, 3, 7100.00, 9, 9),
(10, 6, 24000.00, 10, 10),
(11, 1, 11200.00, 11, 11),
(12, 3, 8900.00, 12, 12),
(13, 4, 7800.00, 13, 13),
(14, 2, 15600.00, 14, 14),
(15, 5, 19800.00, 15, 15),
(16, 1, 10500.00, 16, 16),
(17, 2, 9200.00, 17, 17),
(18, 3, 11900.00, 18, 18),
(19, 2, 14100.00, 19, 19),
(20, 1, 15500.00, 20, 20);